{
	"k_calibration":	{	
		"k_calibration_v1":	{
			"frame_num":	16
		}
	},
	"b_calibration":	{
		"b_calibration_v1":	{
			"wait_shutter_frame_count":	8,
			"when_shutter_frame_count":	8
		}	
	},
	"dp_calibration":	{
		"dp_calibration_v1":	{
			"delta_threshold":	1000,
			"median_filter_num":	5,
			"mean_filter_num":		5
		}
	},
	"dp_correction":	{
		"dp_correction_v1":	{
			"dp_cor_mean_num":	3
		}
	},
	"rmvc_calibration":	{
		"rmvc_calibration_v1":	{
			"rmvc_median_filter_num":	5,
			"rmvc_mean_filter_num":		9,
			"rmvc_center_mean_filter_num":11
		}
	},
	"rmvc_correction":	{
		"rmvc_correction_v1":	{
			"max_gradient_cover_frame":	2,
			"max_cover_gain_delta":	100,
			"step_threshold":		3,
			"old_intensity":		1024
		}
	},
	"hbc":	{	
		"hbc_v1":	{
			"frame_step_num":	0,
			"interlace_num": 	0,
			"medium_filter_num":4,
			"threshold_diff":	8,
			"threshold_num":	40
		}
	},
	"vbc":	{	
		"vbc_v1":	{
			"frame_step_num":	0,
			"interlace_num": 	0,
			"medium_filter_num":8,
			"threshold_diff":	8,
			"threshold_num":	32
		}
	},
	"tnr":	{
		"tnr_v1":	{
			"delta_max":	30,
			"delta_min":	5,
			"kmax":			50000,
			"kmin":			3000
		},
		"tnr_v2":	{
			"temporal_horizontal_band_correction":	{
				"threshold_diff":	30,
				"threshold_num_ratio":	0.1,
				"iir_coef":	{
					"kmax":0.625,
					"kmin":0,
					"delta_max":12,
					"delta_min":2
				}
			},
			"temporal_pixel_correction":	{
				"weights_of_small_matrix": 	[7,7,7,7,8,7,7,7,7],
                "weights_of_big_matrix":    [1,1,1,1,1,1,1,2,1,1,1,2,2,2,1,1,1,2,1,1,1,1,1,1,1],
				"big_matrix_size":	{
					"matrix_height":	5,
					"matrix_width":		5
				},
				"small_matrix_size":	{
					"matrix_height":	3,
					"matrix_width":		3
				},
				"iir_coef_of_low_frequency_component":	{	
					"iir_coef_of_small_matrix_delta_when_low_frequency":	{
						"iir_coef":	{
							"kmax":0.75,
							"kmin":0,
							"delta_max":20,
							"delta_min":4
						}
					},
					"iir_coef_of_big_matrix_delta_when_low_frequency":	{
						"iir_coef":	{
							"kmax":0.75,
							"kmin":0,
							"delta_max":16,
							"delta_min":3
						}
					}
				},
				"iir_coef_of_high_frequency_component":	{
					"iir_coef_of_small_matrix_delta_when_high_frequency":	{
						"iir_coef":	{
							"kmax":0.7,
							"kmin":0,
							"delta_max":20,
							"delta_min":4
						}
					},
					"iir_coef_of_pixel_delta_when_high_frequency":	{
						"iir_coef":	{
							"kmax":0.7,
							"kmin":0,
							"delta_max":25,
							"delta_min":5
						}
					}
				}
			}

		}
	},
	"snr":	{
		"snr_v1":	{

		},
        "snr_v3":    {
            "sigma":    1.0,
            "sigma_s":    5.0,
            "gamma_r":    200.0,
            "gamma_f":    16.0
        }
	},
	"detail_extract":	{
		"detail_extract_v1":	{
			"sigma":	2,
			"size":		3
		}
	},
	"agc":{
		"agc_v1":	{
			"discardRatio":	0.01,
			"stepThdRatio":	0.001,
			"rangeGain":	150,
			"alphaRatio":	0.8,
			"offsetRatio":	0.25,
			"map_fresh_rate":	5
		},
		"agc_v2":	{
			"highDiscardRatio":	0.01,
			"lowDiscardRatio":	0.01,
			"maxStepThdRatio":	0.001,
			"minStepThdRatio":	0.0001,
			"maplowlimit":		0.1,
			"mapuplimit":		0.9,
			"rangeGain":		200,
			"alphaRatio":		0.8,
			"offsetRatio":		0.25,
			"map_fresh_rate":	5
		},
		"agc_v3":	{
			"grey_control":								"TURN_ON_GREY_CONTROL_MODE",
			"border":									"BORDER_V2",
			"platform_type":							"DYNAMIC_PLATFORM",
			"vacant_flatform_value_calculate_status":	"USE_RATIO_TO_CALCULATE_VACANT_FLATFORM_VALUE",
			"dp_control":								"DP_FIXED_MODE",
			"frame_index":								0,
			"threshold_between_newdp_and_lastdp":		1536,
			"greyscale_number_threshold":				100,
			"weight_piecewise" : [1,4,8,16,32,64,128],
			"weight_value":	[0,6,12,10,8,6,4,2],
			"down_sample":	{
				"gap_row":	1,
				"gap_col":	1
			},
			"area_of_interest":	{
				"start_row":	0,
				"end_row":		192,
				"start_col":	0,
				"end_col":		256
			},
			"frame_average":	{
				"average_array_length":				0,
				"average_current_frame":			0,
				"average_frame_before_last_frame":	8192,
				"average_last_frame":				8192
			},
			"demarcation_point_value":	{
				"dynamic_map_demarcation_point_of_low_temperature":		40,
				"demarcation_point_between_low_and_high_temperature":	8192,
				"dynamic_map_demarcation_point_of_high_temperature":	16240,
				"linear_map_demarcation_point_of_low_temperature":		40,
				"linear_map_demarcation_point_of_high_temperature":		16240,
				"demarcation_point":									6553,
				"percentage_of_low_throw_point":						20,
				"percentage_of_high_throw_point":						65500,
				"percentage_of_linear_map_begin_point":					100,
				"percentage_of_linear_map_end_point":					65500,
				"percentage_of_demarcation_point":						40000
			},
			"statistical_function":	{
				"weight_of_line":	40
			},
			"platform_value":		{
				"cut_off_platform_value":						1,
				"high_platform_value_of_high_temperature":		3500,
				"low_platform_value_of_high_temperature":		574,
				"vacant_platform_value_of_high_temperature":	57,
				"high_platform_value_of_low_temperature":		3500,
				"low_platform_value_of_low_temperature":		574,
				"vacant_platform_value_of_low_temperature":		57,
				"upper_limit_of_high_platform_value":			20000,
				"lower_limit_of_high_platform_value":			100,
				"upper_limit_of_low_platform_value":			2000,
				"lower_limit_of_low_platform_value":			1,
				"ratio_between_high_and_low_platform_value_of_high_temperature":	40,
				"ratio_between_high_and_low_platform_value_of_low_temperature":		20,
				"ratio_between_vacant_and_low_platform_value":						0,
				"PM1":																15000,
				"PM2":																15000
			},
			"gain":		{
				"gain_max_of_low_temperature":	200,
				"gain_max_of_high_temperature":	300
			},
			"map_interval_size":	{
				"dark_saturation":				320,
				"bright_saturation":			320,
				"bos":							64,
				"total_size":					16000,
				"size_of_linear_map_area":		16000,
				"size_of_low_temperature_area":	6400,
				"size_of_high_temperature_area":9600
			},
			"time_noise_reduction":	{
				"infinite_impulse_response":						0,
				"infinite_impulse_response_of_dynamic_state":		15000,
				"infinite_impulse_response_of_steady_state":		15000,
				"threshold_of_infinite_impulse_response":			3,
				"infinite_impulse_response_of_demarcation_point":	12
			}
		}		
	},	
	"dde":	{
		"dde_v1":	{
			"startCoef":	0,
			"maxCoef":		100,
			"endCoef":		20,
			"startMinThd":	1,
			"startMaxThd":	7,
			"endMaxThd":	15,
			"endMinThd":	150
		}
	},
	"bc":	{
		"bc_v1":	{
			"brightness_level":	128,
			"contrast_level":	128
		}		
	},
	"transform":	{
		"transform_v1":	{
			"src_format":	"SRC_FMT_Y14",
			"total_rotate_status":	0,
			"total_mirror_status":  0,
			"total_flip_status":	0,
			"current_transform_type":	"TRANSFORM_IDLE"
		}
	},
	"zoom":	{
		"zoom_v1":	{
			"src_format":	"SRC_FMT_Y14",
			"x_magnification_power":	1,
			"y_magnification_power":  	1
		}
	},
	"crop":	{
		"crop_v1":	{
			"src_format":	"SRC_FMT_Y14",
			"start_row": 0,
			"start_col":0,
			"crop_row_size": 150,
			"crop_col_size": 150
		}
	},
	"second_correction":	{
		"second_correction_v1":	{
			"dist":		0.25,
			"ta":		25,
			"hum":		0.45,
			"ems":		1,
			"tu":		26.85
		},
		"second_correction_v2":	{
			"dist":		0.25,
			"ta":		25,
            "hum":      0.45,
			"ems":		1,
			"tu":		26.85
		}
	},
	"second_calibration":	{
		"second_calibration_v1":	{
			"second_cal_mean_filter_num":	9
		}
	},
	"blurred_screen":	{
		"blurred_screen_v1":	{
			"single_part_threshold":		200,
			"chunk_method":	{
				"big_interval_length":		64,
				"small_interval_length":	4
			}
		}
	}
}
